{
  "project_info": {
    "project_number": "567669336494",
    "project_id": "rust-detector",
    "storage_bucket": "rust-detector.appspot.com"
  },
  "client": [
    {
      "client_info": {
        "mobilesdk_app_id": "1:567669336494:android:64c87a45555684120bc03f",
        "android_client_info": {
          "package_name": "com.capstone.rustdetector"
        }
      },
      "oauth_client": [
        {
          "client_id": "567669336494-84g9mqbrvfj518v25u8anq87071fs92m.apps.googleusercontent.com",
          "client_type": 3
        }
      ],
      "api_key": [
        {
          "current_key": "AIzaSyBzjtu7CmF17D3CRH9ZAlFWNUW4VPYW9Iw"
        }
      ],
      "services": {
        "appinvite_service": {
          "other_platform_oauth_client": [
            {
              "client_id": "567669336494-84g9mqbrvfj518v25u8anq87071fs92m.apps.googleusercontent.com",
              "client_type": 3
            }
          ]
        }
      }
    }
  ],
  "configuration_version": "1"
}